#,Title,URL,Found Via,Notes
1,The 2 Biggest Skiing Mistakes (and how to fix them),https://www.youtube.com/watch?v=xwRRbIcY5mY,"front view slow motion, carving technique front",
2,HOW TO CONTROL YOUR SPEED WHEN SKIING | How to slow down control your speed and remain in balance,https://www.youtube.com/watch?v=hrUbJxSQiRc,front view slow motion,
3,Slow motion giant slalom alpine skiing action ski alpin technique,https://www.youtube.com/watch?v=NvEgkjJXl7U,front view slow motion,
4,classic ski technique Jordan Cascagnette,https://www.youtube.com/watch?v=_LRo8yf2ZSo,front view slow motion,
5,The Ski Carving Chronicles 1 (Slow Motion) - Reilly McGlashan,https://www.youtube.com/watch?v=ZPgXiEf0-kM,front view slow motion,
6,HQ Super slow motion skiing (F-HD) slalom and giantslalom Elle,https://www.youtube.com/watch?v=XgtFgXKTLks,front view slow motion,
7,Ted Ligety GS Turns and Angles | Catch me if you can! | Training Follow Cam (2018),https://www.youtube.com/watch?v=QNkNHEG8qC8,front view slow motion,
8,Ski Slalom carved turn basics follow me @leona_popovic,https://www.youtube.com/watch?v=HS-AOjkSqRc,"front view slow motion, slalom gate front view 60fps",
9,GS Slow-motion,https://www.youtube.com/watch?v=f79BIkvsxew,front view slow motion,
10,Mikaela Shifferin SL stro-motion video* FIS Skiing World Championship Cortina 2021,https://www.youtube.com/watch?v=h_1nN77U5Eg,front view slow motion,
11,CARVING | how to transfer weight,https://www.youtube.com/watch?v=VO-zVbD-RZs,carving technique front,
12,HOW TO CARVE | Ski better with these 3 TIPS,https://www.youtube.com/watch?v=2WKfNm_lflk,carving technique front,
13,HOW TO BEND A SKI | More pressure or more edge?,https://www.youtube.com/watch?v=qdXK0xsltaA,carving technique front,
14,Body Position Fundamentals#1,https://www.youtube.com/watch?v=sQ81_D3rQXQ,"carving technique front, biomechanics analysis front",
15,How to Carve Better In One Run (2 Simple Tips),https://www.youtube.com/watch?v=vlznXBbJvog,carving technique front,
16,Hands forward Fundamentals#3,https://www.youtube.com/watch?v=wOqI9_T9dLc,carving technique front,
17,The Do's and Don'ts of Skiing Moguls,https://www.youtube.com/watch?v=eWVnhxI2uco,carving technique front,
18,4 ADVANCED SKIING MISTAKES | And How To Fix Them,https://www.youtube.com/watch?v=04lRa4TffGs,carving technique front,
19,Fix The Most Common Carving Mistake,https://www.youtube.com/watch?v=YmZBDx6kKcY,carving technique front,
20,Sports Explainer: Slalom | Eurosport,https://www.youtube.com/watch?v=g_nQV0Y0uAE,slalom gate front view 60fps,
21,Basic Slalom Turn Mechanics at a high level,https://www.youtube.com/watch?v=YDRaIRshsQ0,slalom gate front view 60fps,
22,14 Essential Drills For Ski Racers,https://www.youtube.com/watch?v=YdHnGNzr2uw,slalom gate front view 60fps,
23,Introduction to Alpine Course Setting,https://www.youtube.com/watch?v=C5pe7MF3ps4,slalom gate front view 60fps,
24,Marcel Hirscher | Men's Giant Slalom | Alta Badia | 1st place | FIS Alpine,https://www.youtube.com/watch?v=MXwRQeYgzug,slalom gate front view 60fps,
25,FIS vs REGULAR SKIS | What's the Difference?,https://www.youtube.com/watch?v=0pSAAOby_Bo,slalom gate front view 60fps,
26,Rules of the Game: Alpine skiing,https://www.youtube.com/watch?v=PFhnRvVMwQQ,slalom gate front view 60fps,
27,Basic SL Rules,https://www.youtube.com/watch?v=nO7An8NfwMw,slalom gate front view 60fps,
28,Proper Passage - A Rules Demonstration for MACC Gate Judges,https://www.youtube.com/watch?v=t22dyCkQZQM,slalom gate front view 60fps,
29,Ski Body Tip 2: Finding Your Hips,https://www.youtube.com/watch?v=Sf4kMafh4yU,biomechanics analysis front,
30,Strong Parallel Skiing - The Two Golden Rules of Ski Technique,https://www.youtube.com/watch?v=EXUylOxysG4,biomechanics analysis front,
31,Skiing posture explained for all abilities #indoorskiingtips,https://www.youtube.com/watch?v=6MIHFJ4jFwg,biomechanics analysis front,
32,run focus skiing series Reilly McGlashan,https://www.youtube.com/watch?v=ZMk3Xpkw69Q,biomechanics analysis front,
33,Technique Analysis Of Johannes Høsflot Klæbo | Skate,https://www.youtube.com/watch?v=gmSI_1rgCq0,biomechanics analysis front,
34,Speed Skating | Science of the Winter Olympics,https://www.youtube.com/watch?v=s24jZwU0-RA,biomechanics analysis front,
35,Ron LeMaster -- 2022 Colorado Snowsports Hall of Fame Tribute Video,https://www.youtube.com/watch?v=xJc1JtPg8SI,biomechanics analysis front,
36,Using the 6 Snowboard Fundamentals for Movement Analysis | AASI Rocky Mountain Webinar,https://www.youtube.com/watch?v=3ATAjppcspc,biomechanics analysis front,
37,Initiation timing in mogul skiing,https://www.youtube.com/watch?v=TDXOSP_019A,biomechanics analysis front,
